id,usuario,tipo_edificio,tipo_problema,gravedad_problema,fecha,letra_edificio,numero_salon,tipo_bano,edificio_bano,piso_bano,tipo_area,tipo_departamento,tipo_edificio_departamento
502,,Baños,Físico,Moderado,2024-09-11 01:44:25.376231+00:00,,,HOMBRE,BETA,1,,,
503,,Academico,Electrodomésticos,Crítico,2024-09-11 01:44:25.626834+00:00,Q,0,,,,,,
504,,Baños,Físico,Moderado,2024-09-11 01:44:25.881127+00:00,,,HOMBRE,X,1,,,
505,,Academico,Físico,Moderado,2024-09-11 01:44:26.137671+00:00,I,11,,,,,,
506,,Academico,Ventilación,Menor,2024-09-11 01:44:26.390276+00:00,Y,24,,,,,,
507,,Departamento,Físico,Crítico,2024-09-11 01:44:26.643318+00:00,,,,,,,Biblioteca,
508,,Baños,Eléctrico,Menor,2024-09-11 01:44:26.891183+00:00,,,HOMBRE,S2,1,,,
509,,Academico,Humedad,Serio,2024-09-11 01:44:27.529346+00:00,A,1,,,,,,
510,,Áreas comunes,Eléctrico,Crítico,2024-09-11 01:44:27.782133+00:00,,,,,,Comedor,,
511,,Baños,Electrodomésticos,Menor,2024-09-11 01:44:28.040391+00:00,,,HOMBRE,ALFA,1,,,
512,,Departamento,Electrodomésticos,Menor,2024-09-11 01:44:28.297380+00:00,,,,,,,Administrativos,DIVISIÓN DE CIENCIAS BÁSICAS
513,,Departamento,Ventilación,Serio,2024-09-11 01:44:28.550464+00:00,,,,,,,Administrativos,Oficinas de investigadores
514,,Áreas comunes,Electrodomésticos,Serio,2024-09-11 01:44:28.804306+00:00,,,,,,Comedor,,
515,,Áreas comunes,Físico,Serio,2024-09-11 01:44:29.059277+00:00,,,,,,Área Verde,,
516,,Academico,Humedad,Crítico,2024-09-11 01:44:29.307686+00:00,V2,21,,,,,,
517,,Baños,Ventilación,Crítico,2024-09-11 01:44:29.559890+00:00,,,HOMBRE,ALFA,1,,,
518,,Áreas comunes,Humedad,Crítico,2024-09-11 01:44:29.808913+00:00,,,,,,Comedor,,
519,,Baños,Ventilación,Moderado,2024-09-11 01:44:30.065525+00:00,,,MUJER,V1,2,,,
520,,Academico,Ventilación,Moderado,2024-09-11 01:44:30.317260+00:00,V1,1,,,,,,
521,,Academico,Humedad,Menor,2024-09-11 01:44:30.568166+00:00,M,17,,,,,,
522,,Departamento,Ventilación,Moderado,2024-09-11 01:44:30.819953+00:00,,,,,,,Coordinacion,Coordinación de la licenciatura de Ingeniería Química
523,,Baños,Humedad,Moderado,2024-09-11 01:44:31.072982+00:00,,,MUJER,V2,1,,,
524,,Áreas comunes,Eléctrico,Menor,2024-09-11 01:44:31.353830+00:00,,,,,,Estacionamiento,,
525,,Baños,Humedad,Serio,2024-09-11 01:44:31.628870+00:00,,,MUJER,A,1,,,
526,,Academico,Humedad,Crítico,2024-09-11 01:44:31.909599+00:00,P,1,,,,,,
527,,Academico,Humedad,Menor,2024-09-11 01:44:32.161450+00:00,Z,20,,,,,,
528,,Baños,Humedad,Serio,2024-09-11 01:44:32.412887+00:00,,,HOMBRE,E,1,,,
529,,Departamento,Físico,Menor,2024-09-11 01:44:32.660981+00:00,,,,,,,Coordinacion,Coordinacion de la maestría en Sistemas de Calidad
530,,Departamento,Físico,Menor,2024-09-11 01:44:32.919586+00:00,,,,,,,Biblioteca,
531,,Academico,Humedad,Menor,2024-09-11 01:44:33.172206+00:00,T,3,,,,,,
532,,Academico,Electrodomésticos,Moderado,2024-09-11 01:44:33.423315+00:00,S2,3,,,,,,
533,,Departamento,Humedad,Crítico,2024-09-11 01:44:33.671989+00:00,,,,,,,Administrativos,Departamento de Ingeniería Mecánica Eléctrica
534,,Áreas comunes,Humedad,Serio,2024-09-11 01:44:33.922003+00:00,,,,,,Área Verde,,
535,,Áreas comunes,Ventilación,Serio,2024-09-11 01:44:34.178091+00:00,,,,,,Estacionamiento,,
536,,Áreas comunes,Electrodomésticos,Serio,2024-09-11 01:44:34.427056+00:00,,,,,,Comedor,,
537,,Áreas comunes,Humedad,Serio,2024-09-11 01:44:34.676280+00:00,,,,,,Estacionamiento,,
538,,Áreas comunes,Humedad,Serio,2024-09-11 01:44:34.927694+00:00,,,,,,Comedor,,
539,,Baños,Físico,Moderado,2024-09-11 01:44:35.181914+00:00,,,HOMBRE,BETA,1,,,
540,,Áreas comunes,Electrodomésticos,Serio,2024-09-11 01:44:35.439256+00:00,,,,,,Área Verde,,
541,,Departamento,Físico,Crítico,2024-09-11 01:44:35.690721+00:00,,,,,,,Coordinacion,Coordinación de Comisiones del Consejo de Centro
542,,Academico,Eléctrico,Menor,2024-09-11 01:44:35.939645+00:00,K,3,,,,,,
543,,Academico,Físico,Serio,2024-09-11 01:44:36.190765+00:00,X,2,,,,,,
544,,Baños,Electrodomésticos,Crítico,2024-09-11 01:44:36.439155+00:00,,,HOMBRE,ALFA,1,,,
545,,Academico,Electrodomésticos,Menor,2024-09-11 01:44:36.687330+00:00,C,8,,,,,,
546,,Baños,Físico,Menor,2024-09-11 01:44:36.934669+00:00,,,HOMBRE,C,1,,,
547,,Áreas comunes,Ventilación,Serio,2024-09-11 01:44:37.184750+00:00,,,,,,Área Verde,,
548,,Baños,Electrodomésticos,Menor,2024-09-11 01:44:37.436444+00:00,,,MUJER,T,1,,,
549,,Áreas comunes,Eléctrico,Crítico,2024-09-11 01:44:37.686028+00:00,,,,,,Estacionamiento,,
550,,Departamento,Eléctrico,Crítico,2024-09-11 01:44:37.937091+00:00,,,,,,,Biblioteca,
551,,Departamento,Ventilación,Moderado,2024-09-11 01:44:38.193583+00:00,,,,,,,Biblioteca,
552,,Academico,Humedad,Crítico,2024-09-11 01:44:38.445992+00:00,A,11,,,,,,
553,,Áreas comunes,Ventilación,Menor,2024-09-11 01:44:38.708328+00:00,,,,,,Comedor,,
554,,Departamento,Eléctrico,Serio,2024-09-11 01:44:38.963956+00:00,,,,,,,Coordinacion,Coordinación de licenciatura en Ingeniería en Computación
555,,Academico,Ventilación,Menor,2024-09-11 01:44:39.212255+00:00,G,2,,,,,,
556,,Baños,Físico,Serio,2024-09-11 01:44:39.475911+00:00,,,HOMBRE,X,1,,,
557,,Baños,Físico,Menor,2024-09-11 01:44:39.724008+00:00,,,MUJER,A,1,,,
558,,Baños,Ventilación,Serio,2024-09-11 01:44:39.975363+00:00,,,HOMBRE,BETA,1,,,
559,,Academico,Ventilación,Menor,2024-09-11 01:44:40.226909+00:00,F,8,,,,,,
560,,Áreas comunes,Eléctrico,Crítico,2024-09-11 01:44:40.479653+00:00,,,,,,Área Verde,,
561,,Baños,Eléctrico,Menor,2024-09-11 01:44:40.730075+00:00,,,HOMBRE,X,1,,,
562,,Academico,Ventilación,Crítico,2024-09-11 01:44:40.996224+00:00,S2,4,,,,,,
563,,Baños,Físico,Serio,2024-09-11 01:44:41.273122+00:00,,,MUJER,V2,1,,,
564,,Áreas comunes,Humedad,Moderado,2024-09-11 01:44:41.681467+00:00,,,,,,Área Verde,,
565,,Áreas comunes,Eléctrico,Menor,2024-09-11 01:44:41.928925+00:00,,,,,,Estacionamiento,,
566,,Baños,Físico,Moderado,2024-09-11 01:44:42.583044+00:00,,,MUJER,C,1,,,
567,,Áreas comunes,Físico,Crítico,2024-09-11 01:44:43.303155+00:00,,,,,,Área Verde,,
568,,Áreas comunes,Electrodomésticos,Menor,2024-09-11 01:44:43.575080+00:00,,,,,,Estacionamiento,,
569,,Áreas comunes,Físico,Moderado,2024-09-11 01:44:43.829940+00:00,,,,,,Comedor,,
570,,Baños,Físico,Menor,2024-09-11 01:44:44.079545+00:00,,,MUJER,C,1,,,
571,,Departamento,Físico,Crítico,2024-09-11 01:44:44.330033+00:00,,,,,,,Coordinacion,Coordinación de licenciatura en Ingeniería Biomédica
572,,Academico,Electrodomésticos,Crítico,2024-09-11 01:44:44.578680+00:00,N,21,,,,,,
573,,Departamento,Humedad,Crítico,2024-09-11 01:44:44.899467+00:00,,,,,,,Cubiculos,
574,,Academico,Ventilación,Serio,2024-09-11 01:44:45.149619+00:00,E,4,,,,,,
575,,Academico,Ventilación,Moderado,2024-09-11 01:44:45.460474+00:00,V1,3,,,,,,
576,,Departamento,Eléctrico,Menor,2024-09-11 01:44:45.710626+00:00,,,,,,,Cubiculos,
577,,Áreas comunes,Electrodomésticos,Moderado,2024-09-11 01:44:46.026042+00:00,,,,,,Estacionamiento,,
578,,Departamento,Físico,Serio,2024-09-11 01:44:46.368792+00:00,,,,,,,Biblioteca,
579,,Baños,Físico,Menor,2024-09-11 01:44:46.617843+00:00,,,HOMBRE,C,1,,,
580,,Academico,Eléctrico,Crítico,2024-09-11 01:44:46.867874+00:00,C,14,,,,,,
581,,Baños,Electrodomésticos,Moderado,2024-09-11 01:44:47.181393+00:00,,,HOMBRE,A,1,,,
582,,Departamento,Humedad,Crítico,2024-09-11 01:44:47.485364+00:00,,,,,,,Biblioteca,
583,,Academico,Humedad,Menor,2024-09-11 01:44:47.756241+00:00,S,25,,,,,,
584,,Áreas comunes,Eléctrico,Moderado,2024-09-11 01:44:48.045133+00:00,,,,,,Comedor,,
585,,Baños,Eléctrico,Menor,2024-09-11 01:44:48.298537+00:00,,,HOMBRE,A,1,,,
586,,Departamento,Físico,Moderado,2024-09-11 01:44:48.563272+00:00,,,,,,,Administrativos,UNIDAD INTERNA DE PROTECCIÓN CIVIL
587,,Departamento,Eléctrico,Crítico,2024-09-11 01:44:48.843656+00:00,,,,,,,Administrativos,División Ingenierías
588,,Academico,Ventilación,Moderado,2024-09-11 01:44:49.091107+00:00,J,14,,,,,,
589,,Áreas comunes,Humedad,Crítico,2024-09-11 01:44:49.338353+00:00,,,,,,Estacionamiento,,
590,,Departamento,Electrodomésticos,Menor,2024-09-11 01:44:49.588788+00:00,,,,,,,Administrativos,División Ingenierías
591,,Áreas comunes,Eléctrico,Menor,2024-09-11 01:44:49.840222+00:00,,,,,,Comedor,,
592,,Baños,Ventilación,Crítico,2024-09-11 01:44:50.149933+00:00,,,MUJER,V1,2,,,
593,,Departamento,Físico,Moderado,2024-09-11 01:44:50.401070+00:00,,,,,,,Biblioteca,
594,,Baños,Eléctrico,Moderado,2024-09-11 01:44:50.707458+00:00,,,MUJER,T,1,,,
595,,Baños,Físico,Serio,2024-09-11 01:44:50.959812+00:00,,,MUJER,BETA,1,,,
596,,Baños,Eléctrico,Moderado,2024-09-11 01:44:51.266642+00:00,,,MUJER,S2,1,,,
597,,Academico,Eléctrico,Crítico,2024-09-11 01:44:51.519414+00:00,O,3,,,,,,
598,,Áreas comunes,Eléctrico,Moderado,2024-09-11 01:44:51.769106+00:00,,,,,,Comedor,,
599,,Departamento,Electrodomésticos,Moderado,2024-09-11 01:44:52.067105+00:00,,,,,,,Coordinacion,Coordinación de Control Escolar
600,,Academico,Electrodomésticos,Moderado,2024-09-11 01:44:52.322840+00:00,R,17,,,,,,
601,,Áreas comunes,Físico,Menor,2024-09-11 01:44:52.576681+00:00,,,,,,Estacionamiento,,
56,,Baños,Eléctrico,Moderado,2024-01-07 19:07:19.711227+00:00,,,MUJER,T,1,,,
102,,Baños,Ventilación,Serio,2024-01-15 02:59:43.667724+00:00,,,MUJER,BETA,1,,,
103,,Baños,Ventilación,Crítico,2024-01-14 08:14:02.259897+00:00,,,MUJER,BETA,1,,,
104,,Academico,Ventilación,Moderado,2024-01-17 16:14:16.349517+00:00,K,11,,,,,,
105,,Áreas comunes,Físico,Crítico,2024-01-15 09:12:50.072349+00:00,,,,,,Comedor,,
106,,Áreas comunes,Humedad,Crítico,2024-01-14 15:46:08.420140+00:00,,,,,,Estacionamiento,,
107,,Academico,Electrodomésticos,Moderado,2024-01-18 03:19:27.272898+00:00,J,5,,,,,,
108,,Departamento,Humedad,Menor,2024-01-14 01:31:08.188306+00:00,,,,,,,Cubiculos,
109,,Baños,Eléctrico,Crítico,2024-01-17 07:44:27.705590+00:00,,,MUJER,V2,1,,,
110,,Baños,Ventilación,Moderado,2024-01-18 10:18:59.405816+00:00,,,HOMBRE,E,1,,,
111,,Áreas comunes,Ventilación,Menor,2024-01-17 08:13:02.427667+00:00,,,,,,Área Verde,,
112,,Departamento,Eléctrico,Crítico,2024-01-16 03:59:34.469691+00:00,,,,,,,Cubiculos,
113,,Áreas comunes,Eléctrico,Moderado,2024-01-14 22:09:51.538777+00:00,,,,,,Comedor,,
114,,Academico,Ventilación,Crítico,2024-01-16 09:57:13.551687+00:00,T,12,,,,,,
115,,Áreas comunes,Humedad,Serio,2024-01-15 11:30:18.594364+00:00,,,,,,Área Verde,,
116,,Baños,Electrodomésticos,Menor,2024-01-16 04:07:47.627037+00:00,,,MUJER,V1,2,,,
117,,Baños,Humedad,Menor,2024-01-18 00:50:12.417353+00:00,,,HOMBRE,E,1,,,
118,,Academico,Eléctrico,Serio,2024-01-19 00:40:08.959742+00:00,D,13,,,,,,
119,,Áreas comunes,Eléctrico,Menor,2024-01-20 00:47:56.163921+00:00,,,,,,Comedor,,
120,,Baños,Humedad,Menor,2024-01-19 13:48:07.004077+00:00,,,HOMBRE,S2,1,,,
121,,Academico,Físico,Moderado,2024-01-17 04:16:25.233247+00:00,N,5,,,,,,
122,,Baños,Eléctrico,Crítico,2024-01-15 21:01:22.745680+00:00,,,HOMBRE,ALFA,1,,,
123,,Baños,Ventilación,Serio,2024-01-18 20:13:51.113855+00:00,,,HOMBRE,S2,1,,,
124,,Departamento,Electrodomésticos,Crítico,2024-01-18 11:12:05.948196+00:00,,,,,,,Administrativos,Auditorio Antonio Rodríguez
125,,Baños,Electrodomésticos,Moderado,2024-01-17 10:38:50.176235+00:00,,,MUJER,A,1,,,
126,,Departamento,Ventilación,Menor,2024-01-16 23:51:59.192099+00:00,,,,,,,Coordinacion,Coordinación de licenciatura en Ingeniería Industrial
127,,Áreas comunes,Ventilación,Menor,2024-01-17 02:29:39.794554+00:00,,,,,,Área Verde,,
128,,Áreas comunes,Ventilación,Serio,2024-01-18 13:50:33.309800+00:00,,,,,,Estacionamiento,,
129,,Departamento,Físico,Serio,2024-01-21 02:04:54.098916+00:00,,,,,,,Biblioteca,
130,,Academico,Físico,Moderado,2024-01-18 06:58:40.904156+00:00,BETA,2,,,,,,
131,,Departamento,Ventilación,Moderado,2024-01-18 20:10:50.829113+00:00,,,,,,,Cubiculos,
132,,Baños,Humedad,Crítico,2024-01-20 06:52:33.310142+00:00,,,HOMBRE,BETA,1,,,
133,,Áreas comunes,Ventilación,Crítico,2024-01-17 00:02:33.028506+00:00,,,,,,Área Verde,,
134,,Áreas comunes,Eléctrico,Crítico,2024-01-17 04:48:47.732852+00:00,,,,,,Estacionamiento,,
135,,Departamento,Humedad,Menor,2024-01-17 02:53:21.031690+00:00,,,,,,,Administrativos,Departamento de Ingeniería Industrial
136,,Áreas comunes,Electrodomésticos,Menor,2024-01-20 17:51:29.602599+00:00,,,,,,Estacionamiento,,
137,,Academico,Eléctrico,Menor,2024-01-18 13:57:25.176012+00:00,B,5,,,,,,
138,,Departamento,Físico,Menor,2024-01-20 01:16:14.513270+00:00,,,,,,,Coordinacion,Coordinación de licenciatura en Ingeniería Industrial
139,,Áreas comunes,Humedad,Serio,2024-01-21 02:58:29.616123+00:00,,,,,,Comedor,,
140,,Baños,Eléctrico,Serio,2024-01-18 08:04:49.920119+00:00,,,MUJER,V2,1,,,
141,,Áreas comunes,Electrodomésticos,Moderado,2024-01-19 09:10:12.675984+00:00,,,,,,Comedor,,
142,,Academico,Eléctrico,Serio,2024-01-19 03:17:31.354719+00:00,C,12,,,,,,
143,,Departamento,Humedad,Serio,2024-01-19 10:23:43.680338+00:00,,,,,,,Administrativos,DIVISIÓN DE CIENCIAS BÁSICAS
144,,Áreas comunes,Humedad,Crítico,2024-01-20 08:45:31.113400+00:00,,,,,,Comedor,,
145,,Baños,Físico,Moderado,2024-01-20 04:06:37.810117+00:00,,,MUJER,I,1,,,
146,,Baños,Físico,Crítico,2024-01-22 22:01:05.533741+00:00,,,MUJER,V1,2,,,
147,,Baños,Humedad,Serio,2024-01-19 04:14:14.409270+00:00,,,MUJER,S2,1,,,
148,,Departamento,Humedad,Crítico,2024-01-22 14:11:04.069148+00:00,,,,,,,Coordinacion,Coordinación de licenciatura en Informática
149,,Áreas comunes,Eléctrico,Crítico,2024-01-20 00:34:02.329113+00:00,,,,,,Estacionamiento,,
150,,Departamento,Humedad,Moderado,2024-01-21 14:16:50.316758+00:00,,,,,,,Cubiculos,
151,,Áreas comunes,Ventilación,Crítico,2024-01-20 18:09:27.453732+00:00,,,,,,Estacionamiento,,
152,,Academico,Ventilación,Menor,2024-01-23 03:11:20.055848+00:00,U,11,,,,,,
29,,Departamento,Eléctrico,Moderado,2024-01-06 09:04:32.002725+00:00,,,,,,,Administrativos,Comité de Computación
153,,Baños,Electrodomésticos,Moderado,2024-01-20 11:08:19.565996+00:00,,,HOMBRE,S2,1,,,
154,,Departamento,Ventilación,Serio,2024-01-22 04:18:11.815211+00:00,,,,,,,Administrativos,Oficinas de investigadores
155,,Áreas comunes,Físico,Moderado,2024-01-19 20:21:14.882409+00:00,,,,,,Estacionamiento,,
156,,Departamento,Eléctrico,Moderado,2024-01-22 00:05:33.884429+00:00,,,,,,,Biblioteca,
157,,Academico,Electrodomésticos,Serio,2024-01-21 00:29:02.438768+00:00,W,3,,,,,,
158,,Departamento,Físico,Moderado,2024-01-21 00:42:32.589765+00:00,,,,,,,Coordinacion,Coordinación de licenciatura en Ingeniería Biomédica
159,,Áreas comunes,Humedad,Serio,2024-01-24 17:14:25.764490+00:00,,,,,,Comedor,,
160,,Academico,Electrodomésticos,Serio,2024-01-24 12:12:04.882372+00:00,F,15,,,,,,
161,,Departamento,Eléctrico,Serio,2024-01-22 16:48:40.607791+00:00,,,,,,,Cubiculos,
162,,Áreas comunes,Humedad,Crítico,2024-01-23 21:40:47.801845+00:00,,,,,,Estacionamiento,,
163,,Departamento,Ventilación,Moderado,2024-01-24 11:18:26.629445+00:00,,,,,,,Administrativos,Auditorio Antonio Rodríguez
164,,Baños,Humedad,Crítico,2024-01-24 21:37:40.174838+00:00,,,HOMBRE,X,1,,,
165,,Áreas comunes,Ventilación,Crítico,2024-01-24 18:10:36.556414+00:00,,,,,,Estacionamiento,,
193,,Academico,Eléctrico,Crítico,2024-01-26 04:05:25.846363+00:00,M,11,,,,,,
166,,Áreas comunes,Eléctrico,Moderado,2024-01-25 10:27:45.094124+00:00,,,,,,Estacionamiento,,
167,,Baños,Ventilación,Crítico,2024-01-24 03:20:24.411294+00:00,,,MUJER,A,1,,,
168,,Baños,Electrodomésticos,Serio,2024-01-25 14:55:34.084343+00:00,,,MUJER,ALFA,1,,,
169,,Áreas comunes,Ventilación,Serio,2024-01-23 20:39:47.116729+00:00,,,,,,Estacionamiento,,
170,,Departamento,Eléctrico,Menor,2024-01-24 01:24:41.419189+00:00,,,,,,,Cubiculos,
171,,Áreas comunes,Ventilación,Serio,2024-01-21 22:56:07.581638+00:00,,,,,,Estacionamiento,,
172,,Áreas comunes,Eléctrico,Moderado,2024-01-24 13:18:17.667676+00:00,,,,,,Estacionamiento,,
173,,Baños,Físico,Serio,2024-01-23 21:34:05.031075+00:00,,,HOMBRE,ALFA,1,,,
174,,Academico,Ventilación,Moderado,2024-01-25 14:31:09.949402+00:00,A,9,,,,,,
175,,Baños,Eléctrico,Moderado,2024-01-23 03:33:17.200627+00:00,,,HOMBRE,BETA,1,,,
176,,Departamento,Físico,Menor,2024-01-26 04:39:45.293709+00:00,,,,,,,Coordinacion,Coordinacion de la maestría en Sistemas de Calidad
177,,Áreas comunes,Eléctrico,Moderado,2024-01-22 11:42:57.092299+00:00,,,,,,Comedor,,
178,,Departamento,Humedad,Menor,2024-01-22 11:56:51.960406+00:00,,,,,,,Coordinacion,Coordinación de Personal
179,,Departamento,Físico,Menor,2024-01-22 19:49:58.835115+00:00,,,,,,,Biblioteca,
180,,Áreas comunes,Humedad,Menor,2024-01-22 22:35:11.827870+00:00,,,,,,Estacionamiento,,
181,,Academico,Electrodomésticos,Moderado,2024-01-27 05:26:45.978990+00:00,G,4,,,,,,
182,,Departamento,Humedad,Menor,2024-01-26 08:33:53.708526+00:00,,,,,,,Cubiculos,
183,,Baños,Humedad,Menor,2024-01-22 20:19:42.450436+00:00,,,MUJER,BETA,1,,,
184,,Departamento,Humedad,Menor,2024-01-27 18:56:17.711502+00:00,,,,,,,Coordinacion,Coordinación de licenciatura en Informática
185,,Áreas comunes,Electrodomésticos,Menor,2024-01-24 03:34:38.103289+00:00,,,,,,Área Verde,,
186,,Baños,Humedad,Menor,2024-01-26 03:21:54.404419+00:00,,,HOMBRE,E,1,,,
187,,Academico,Humedad,Menor,2024-01-24 07:31:33.745611+00:00,S,20,,,,,,
188,,Áreas comunes,Electrodomésticos,Crítico,2024-01-27 22:11:56.171563+00:00,,,,,,Comedor,,
189,,Academico,Ventilación,Serio,2024-01-27 14:12:26.859844+00:00,T,10,,,,,,
190,,Áreas comunes,Físico,Moderado,2024-01-24 21:43:27.069651+00:00,,,,,,Comedor,,
191,,Academico,Ventilación,Crítico,2024-01-25 05:12:23.709495+00:00,S2,24,,,,,,
192,,Áreas comunes,Ventilación,Moderado,2024-01-25 04:56:32.592726+00:00,,,,,,Área Verde,,
194,,Departamento,Humedad,Moderado,2024-01-26 11:53:08.688965+00:00,,,,,,,Biblioteca,
195,,Departamento,Electrodomésticos,Moderado,2024-01-25 03:59:03.560195+00:00,,,,,,,Biblioteca,
2,,Departamento,Humedad,Serio,2024-01-01 17:37:01.692474+00:00,,,,,,,Biblioteca,
3,,Baños,Humedad,Menor,2024-01-06 02:41:31.862702+00:00,,,HOMBRE,A,1,,,
4,,Áreas comunes,Electrodomésticos,Moderado,2024-01-01 08:18:11.416793+00:00,,,,,,Área Verde,,
5,,Baños,Humedad,Menor,2024-01-03 11:49:59.536672+00:00,,,MUJER,A,1,,,
6,,Departamento,Eléctrico,Crítico,2024-01-04 15:55:08.789423+00:00,,,,,,,Coordinacion,Coordinación de licenciatura en Ingeniería en Comunicaciones y Electrónica
7,,Departamento,Eléctrico,Crítico,2024-01-06 12:48:32.241053+00:00,,,,,,,Coordinacion,Electrónica
8,,Departamento,Físico,Moderado,2024-01-06 03:09:16.323055+00:00,,,,,,,Administrativos,Servicios médicos integrales
9,,Áreas comunes,Ventilación,Serio,2024-01-02 12:22:23.073804+00:00,,,,,,Estacionamiento,,
10,,Academico,Humedad,Menor,2024-01-06 00:15:07.624914+00:00,I,1,,,,,,
11,,Departamento,Físico,Menor,2024-01-03 14:40:45.476902+00:00,,,,,,,Cubiculos,
12,,Áreas comunes,Físico,Serio,2024-01-06 06:16:07.101808+00:00,,,,,,Área Verde,,
13,,Baños,Eléctrico,Serio,2024-01-04 10:03:39.091233+00:00,,,HOMBRE,E,1,,,
14,,Departamento,Ventilación,Crítico,2024-01-03 02:04:08.718243+00:00,,,,,,,Biblioteca,
15,,Baños,Físico,Menor,2024-01-07 11:00:30.623253+00:00,,,HOMBRE,E,1,,,
16,,Áreas comunes,Ventilación,Serio,2024-01-04 00:30:59.140527+00:00,,,,,,Estacionamiento,,
17,,Baños,Ventilación,Crítico,2024-01-05 03:33:09.512405+00:00,,,HOMBRE,E,1,,,
18,,Baños,Electrodomésticos,Serio,2024-01-06 04:14:42.607790+00:00,,,HOMBRE,A,1,,,
19,,Baños,Electrodomésticos,Menor,2024-01-05 03:31:25.516871+00:00,,,MUJER,ALFA,1,,,
20,,Departamento,Físico,Serio,2024-01-06 18:32:28.738839+00:00,,,,,,,Coordinacion,Coordinación de licenciatura en Ingeniería Biomédica
21,,Departamento,Electrodomésticos,Moderado,2024-01-06 12:02:28.312574+00:00,,,,,,,Cubiculos,
22,,Baños,Físico,Menor,2024-01-04 22:33:09.417774+00:00,,,HOMBRE,C,1,,,
23,,Áreas comunes,Electrodomésticos,Crítico,2024-01-04 04:23:35.635862+00:00,,,,,,Estacionamiento,,
24,,Baños,Ventilación,Menor,2024-01-05 09:17:23.341692+00:00,,,MUJER,I,1,,,
25,,Baños,Ventilación,Crítico,2024-01-04 06:08:52.907581+00:00,,,MUJER,BETA,1,,,
26,,Academico,Eléctrico,Moderado,2024-01-05 03:26:48.628708+00:00,B,4,,,,,,
27,,Áreas comunes,Electrodomésticos,Moderado,2024-01-05 22:39:32.933488+00:00,,,,,,Área Verde,,
28,,Áreas comunes,Humedad,Serio,2024-01-05 02:15:51.073418+00:00,,,,,,Estacionamiento,,
30,,Baños,Ventilación,Crítico,2024-01-08 16:58:34.729229+00:00,,,HOMBRE,C,1,,,
31,,Academico,Ventilación,Moderado,2024-01-06 06:47:41.231644+00:00,L,21,,,,,,
32,,Departamento,Eléctrico,Serio,2024-01-05 18:09:48.956457+00:00,,,,,,,Biblioteca,
33,,Departamento,Ventilación,Menor,2024-01-05 14:39:28.755000+00:00,,,,,,,Biblioteca,
34,,Baños,Ventilación,Serio,2024-01-09 18:56:41.568851+00:00,,,HOMBRE,BETA,1,,,
35,,Departamento,Humedad,Crítico,2024-01-08 21:04:03.660369+00:00,,,,,,,Cubiculos,
36,,Baños,Humedad,Menor,2024-01-06 18:45:51.779396+00:00,,,MUJER,BETA,1,,,
37,,Departamento,Electrodomésticos,Moderado,2024-01-09 13:14:19.419979+00:00,,,,,,,Biblioteca,
38,,Departamento,Físico,Menor,2024-01-08 00:43:24.129438+00:00,,,,,,,Cubiculos,
39,,Academico,Físico,Menor,2024-01-08 21:32:19.828508+00:00,U,2,,,,,,
40,,Baños,Ventilación,Crítico,2024-01-06 00:58:57.167963+00:00,,,HOMBRE,A,1,,,
41,,Áreas comunes,Ventilación,Serio,2024-01-08 20:23:58.513088+00:00,,,,,,Estacionamiento,,
42,,Departamento,Eléctrico,Crítico,2024-01-09 03:10:37.200830+00:00,,,,,,,Biblioteca,
43,,Áreas comunes,Humedad,Crítico,2024-01-07 07:50:00.440943+00:00,,,,,,Área Verde,,
44,,Baños,Físico,Crítico,2024-01-10 14:33:26.972246+00:00,,,MUJER,C,1,,,
45,,Departamento,Electrodomésticos,Menor,2024-01-07 01:45:18.284476+00:00,,,,,,,Cubiculos,
46,,Departamento,Humedad,Serio,2024-01-07 01:03:44.021294+00:00,,,,,,,Cubiculos,
47,,Áreas comunes,Ventilación,Menor,2024-01-10 22:08:20.054037+00:00,,,,,,Estacionamiento,,
48,,Áreas comunes,Físico,Menor,2024-01-09 18:43:27.366309+00:00,,,,,,Comedor,,
49,,Departamento,Humedad,Serio,2024-01-08 05:35:27.428138+00:00,,,,,,,Biblioteca,
50,,Baños,Ventilación,Menor,2024-01-09 09:53:43.243147+00:00,,,HOMBRE,X,1,,,
51,,Departamento,Electrodomésticos,Crítico,2024-01-07 22:25:02.424428+00:00,,,,,,,Cubiculos,
52,,Departamento,Ventilación,Moderado,2024-01-09 10:52:48.362601+00:00,,,,,,,Coordinacion,Coordinación de Servicios Generales
53,,Departamento,Humedad,Moderado,2024-01-11 05:48:48.100661+00:00,,,,,,,Coordinacion,Coordinación de licenciatura en Ingeniería Biomédica
54,,Departamento,Ventilación,Menor,2024-01-08 07:55:29.794095+00:00,,,,,,,Cubiculos,
55,,Baños,Electrodomésticos,Menor,2024-01-11 21:16:00.248081+00:00,,,MUJER,A,1,,,
57,,Departamento,Físico,Moderado,2024-01-07 22:23:02.536751+00:00,,,,,,,Cubiculos,
58,,Academico,Físico,Moderado,2024-01-08 17:33:42.792609+00:00,J,9,,,,,,
59,,Baños,Ventilación,Menor,2024-01-08 19:30:26.075688+00:00,,,HOMBRE,X,1,,,
60,,Departamento,Humedad,Moderado,2024-01-09 15:18:01.769149+00:00,,,,,,,Cubiculos,
61,,Áreas comunes,Físico,Menor,2024-01-10 17:28:34.434268+00:00,,,,,,Estacionamiento,,
62,,Baños,Ventilación,Serio,2024-01-10 17:27:56.131917+00:00,,,MUJER,ALFA,1,,,
63,,Academico,Humedad,Menor,2024-01-08 16:59:39.077431+00:00,A,25,,,,,,
64,,Departamento,Ventilación,Moderado,2024-01-11 09:13:48.837870+00:00,,,,,,,Cubiculos,
65,,Baños,Eléctrico,Crítico,2024-01-09 21:31:09.055919+00:00,,,MUJER,T,1,,,
66,,Academico,Eléctrico,Crítico,2024-01-10 17:23:57.438211+00:00,ALFA,14,,,,,,
67,,Áreas comunes,Electrodomésticos,Crítico,2024-01-12 19:56:42.057686+00:00,,,,,,Área Verde,,
68,,Áreas comunes,Físico,Serio,2024-01-10 05:08:35.698184+00:00,,,,,,Comedor,,
69,,Áreas comunes,Humedad,Moderado,2024-01-09 10:54:53.476572+00:00,,,,,,Estacionamiento,,
70,,Áreas comunes,Electrodomésticos,Serio,2024-01-12 22:32:06.438713+00:00,,,,,,Estacionamiento,,
71,,Departamento,Físico,Crítico,2024-01-11 09:56:47.006699+00:00,,,,,,,Biblioteca,
72,,Áreas comunes,Humedad,Menor,2024-01-12 17:15:29.874631+00:00,,,,,,Área Verde,,
73,,Áreas comunes,Electrodomésticos,Moderado,2024-01-10 19:09:44.486741+00:00,,,,,,Comedor,,
74,,Academico,Eléctrico,Moderado,2024-01-12 00:15:39.750962+00:00,Z,21,,,,,,
75,,Áreas comunes,Físico,Crítico,2024-01-12 12:05:31.937633+00:00,,,,,,Área Verde,,
76,,Academico,Electrodomésticos,Menor,2024-01-13 02:58:02.702453+00:00,A,15,,,,,,
77,,Áreas comunes,Electrodomésticos,Crítico,2024-01-13 01:40:28.344722+00:00,,,,,,Estacionamiento,,
78,,Áreas comunes,Eléctrico,Moderado,2024-01-14 22:15:09.456759+00:00,,,,,,Área Verde,,
79,,Academico,Ventilación,Moderado,2024-01-14 09:29:03.267698+00:00,V2,3,,,,,,
80,,Academico,Humedad,Moderado,2024-01-13 14:57:07.835953+00:00,Y,11,,,,,,
81,,Baños,Humedad,Menor,2024-01-10 13:15:11.194055+00:00,,,HOMBRE,X,1,,,
82,,Áreas comunes,Ventilación,Moderado,2024-01-10 19:03:49.342089+00:00,,,,,,Área Verde,,
83,,Áreas comunes,Eléctrico,Menor,2024-01-14 16:43:56.615057+00:00,,,,,,Área Verde,,
84,,Academico,Ventilación,Moderado,2024-01-15 16:29:16.088381+00:00,Q,0,,,,,,
85,,Áreas comunes,Ventilación,Moderado,2024-01-13 00:28:05.382272+00:00,,,,,,Estacionamiento,,
86,,Academico,Humedad,Crítico,2024-01-15 15:11:01.276180+00:00,I,8,,,,,,
87,,Academico,Humedad,Moderado,2024-01-14 01:15:23.036697+00:00,V1,5,,,,,,
88,,Baños,Ventilación,Serio,2024-01-13 22:20:19.062697+00:00,,,HOMBRE,S2,1,,,
89,,Departamento,Electrodomésticos,Menor,2024-01-15 00:07:01.192401+00:00,,,,,,,Coordinacion,Coordinacion de la maestría en Sistemas de Calidad
90,,Baños,Físico,Crítico,2024-01-13 19:46:56.650744+00:00,,,MUJER,ALFA,1,,,
91,,Áreas comunes,Eléctrico,Serio,2024-01-12 18:04:13.926449+00:00,,,,,,Área Verde,,
92,,Baños,Electrodomésticos,Crítico,2024-01-16 14:59:54.610497+00:00,,,MUJER,A,1,,,
93,,Academico,Humedad,Serio,2024-01-15 12:03:29.794192+00:00,Z,17,,,,,,
94,,Departamento,Eléctrico,Menor,2024-01-14 00:22:05.096298+00:00,,,,,,,Coordinacion,Coordinación de licenciatura en Informática
95,,Áreas comunes,Humedad,Menor,2024-01-15 02:02:13.752214+00:00,,,,,,Comedor,,
96,,Baños,Físico,Moderado,2024-01-13 09:32:01.528393+00:00,,,HOMBRE,BETA,1,,,
97,,Departamento,Electrodomésticos,Menor,2024-01-15 20:15:00.781902+00:00,,,,,,,Coordinacion,Coordinación de Control Escolar
98,,Departamento,Físico,Crítico,2024-01-16 20:18:17.477556+00:00,,,,,,,Administrativos,Servicios médicos integrales
99,,Departamento,Físico,Moderado,2024-01-17 09:04:13.975451+00:00,,,,,,,Coordinacion,Coordinación de Extensión
100,,Departamento,Electrodomésticos,Serio,2024-01-16 21:39:02.241160+00:00,,,,,,,Administrativos,DIVISIÓN DE CIENCIAS BÁSICAS
101,,Academico,Ventilación,Moderado,2024-01-14 19:50:28.622590+00:00,I,8,,,,,,
196,,Departamento,Físico,Moderado,2024-01-25 00:05:23.366048+00:00,,,,,,,Administrativos,UNIDAD INTERNA DE PROTECCIÓN CIVIL
197,,Departamento,Físico,Crítico,2024-01-26 12:57:57.745469+00:00,,,,,,,Cubiculos,
198,,Áreas comunes,Ventilación,Menor,2024-01-28 03:22:44.862816+00:00,,,,,,Comedor,,
199,,Departamento,Eléctrico,Moderado,2024-01-29 05:52:46.426948+00:00,,,,,,,Biblioteca,
200,,Academico,Humedad,Serio,2024-01-27 04:02:20.717630+00:00,Q,0,,,,,,
201,,Áreas comunes,Físico,Moderado,2024-01-29 01:45:55.942289+00:00,,,,,,Estacionamiento,,
202,,Baños,Físico,Serio,2024-01-25 19:35:05.935718+00:00,,,MUJER,T,1,,,
203,,Baños,Ventilación,Serio,2024-01-26 23:43:57.497955+00:00,,,MUJER,V1,2,,,
204,,Departamento,Humedad,Crítico,2024-01-25 22:06:45.042971+00:00,,,,,,,Administrativos,Museo de mineralogía
205,,Baños,Eléctrico,Crítico,2024-01-27 14:30:43.433803+00:00,,,MUJER,T,1,,,
476,,Baños,Humedad,Menor,2024-03-02 16:36:52.688103+00:00,,,HOMBRE,C,1,,,
206,,Baños,Físico,Serio,2024-01-27 10:38:16.120050+00:00,,,HOMBRE,S2,1,,,
207,,Departamento,Humedad,Moderado,2024-01-30 06:54:39.301226+00:00,,,,,,,Biblioteca,
208,,Academico,Humedad,Moderado,2024-01-27 17:43:27.144901+00:00,F,6,,,,,,
209,,Academico,Ventilación,Menor,2024-01-29 19:17:24.729896+00:00,L,5,,,,,,
210,,Áreas comunes,Ventilación,Crítico,2024-01-27 14:37:56.040998+00:00,,,,,,Área Verde,,
211,,Departamento,Eléctrico,Serio,2024-01-27 15:55:22.901172+00:00,,,,,,,Administrativos,Comité de Informática
212,,Departamento,Electrodomésticos,Crítico,2024-01-30 19:36:49.557386+00:00,,,,,,,Administrativos,Departamento de Ingeniería Mecánica Eléctrica
213,,Academico,Electrodomésticos,Crítico,2024-01-31 05:08:51.289735+00:00,ALFA,8,,,,,,
214,,Áreas comunes,Humedad,Crítico,2024-01-26 17:52:59.452241+00:00,,,,,,Estacionamiento,,
215,,Academico,Eléctrico,Serio,2024-01-31 02:31:12.981263+00:00,Q,0,,,,,,
216,,Departamento,Ventilación,Moderado,2024-01-29 21:35:38.521017+00:00,,,,,,,Biblioteca,
217,,Baños,Eléctrico,Crítico,2024-01-26 23:09:39.496210+00:00,,,MUJER,E,1,,,
218,,Áreas comunes,Electrodomésticos,Crítico,2024-01-28 19:12:39.815356+00:00,,,,,,Comedor,,
219,,Áreas comunes,Eléctrico,Menor,2024-01-29 10:14:29.608693+00:00,,,,,,Área Verde,,
220,,Departamento,Físico,Menor,2024-01-27 18:44:40.067639+00:00,,,,,,,Administrativos,División Ingenierías
221,,Departamento,Electrodomésticos,Crítico,2024-01-27 08:42:53.033074+00:00,,,,,,,Coordinacion,Coordinación de Control Escolar
222,,Baños,Eléctrico,Moderado,2024-01-31 11:29:48.342917+00:00,,,MUJER,BETA,1,,,
223,,Departamento,Eléctrico,Crítico,2024-01-27 19:18:19.274826+00:00,,,,,,,Cubiculos,
224,,Baños,Físico,Moderado,2024-01-28 17:35:17.179136+00:00,,,HOMBRE,E,1,,,
225,,Academico,Electrodomésticos,Menor,2024-02-01 04:34:37.960045+00:00,P,2,,,,,,
226,,Áreas comunes,Eléctrico,Menor,2024-01-30 02:21:28.635056+00:00,,,,,,Comedor,,
227,,Baños,Eléctrico,Moderado,2024-01-30 20:39:52.354127+00:00,,,HOMBRE,X,1,,,
228,,Departamento,Eléctrico,Moderado,2024-01-31 23:19:16.604398+00:00,,,,,,,Cubiculos,
229,,Áreas comunes,Ventilación,Crítico,2024-01-28 22:49:32.893543+00:00,,,,,,Estacionamiento,,
230,,Áreas comunes,Humedad,Crítico,2024-01-30 15:05:41.937578+00:00,,,,,,Estacionamiento,,
231,,Departamento,Físico,Menor,2024-02-01 01:15:38.261959+00:00,,,,,,,Administrativos,Jefatura del departamento de Ingeniería Química
232,,Academico,Físico,Moderado,2024-01-29 10:40:58.598658+00:00,B,8,,,,,,
233,,Baños,Eléctrico,Crítico,2024-02-02 04:34:27.129269+00:00,,,MUJER,V1,2,,,
234,,Departamento,Electrodomésticos,Moderado,2024-02-01 02:40:47.525322+00:00,,,,,,,Coordinacion,Coordinación de la licenciatura en Matemáticas
235,,Baños,Físico,Moderado,2024-01-29 06:06:29.890224+00:00,,,MUJER,A,1,,,
236,,Áreas comunes,Electrodomésticos,Serio,2024-02-01 08:34:10.299942+00:00,,,,,,Estacionamiento,,
237,,Academico,Electrodomésticos,Moderado,2024-02-01 03:32:05.203604+00:00,Q,0,,,,,,
238,,Academico,Ventilación,Serio,2024-01-31 15:32:15.041222+00:00,P,1,,,,,,
239,,Áreas comunes,Humedad,Menor,2024-02-03 02:30:53.889098+00:00,,,,,,Área Verde,,
240,,Baños,Humedad,Menor,2024-02-01 17:48:24.145288+00:00,,,HOMBRE,A,1,,,
241,,Áreas comunes,Ventilación,Crítico,2024-01-30 08:38:40.613877+00:00,,,,,,Estacionamiento,,
242,,Baños,Eléctrico,Menor,2024-01-31 16:24:35.704307+00:00,,,MUJER,S2,1,,,
243,,Baños,Físico,Serio,2024-02-03 21:01:16.578766+00:00,,,MUJER,S2,1,,,
271,,Academico,Físico,Serio,2024-02-04 16:42:43.449500+00:00,B,8,,,,,,
244,,Baños,Humedad,Serio,2024-01-30 22:26:55.127320+00:00,,,HOMBRE,BETA,1,,,
245,,Baños,Ventilación,Crítico,2024-02-03 22:55:44.322851+00:00,,,MUJER,T,1,,,
246,,Academico,Ventilación,Moderado,2024-02-02 19:29:57.161674+00:00,S2,21,,,,,,
247,,Áreas comunes,Ventilación,Serio,2024-01-30 13:03:28.876635+00:00,,,,,,Comedor,,
248,,Academico,Ventilación,Menor,2024-02-02 05:58:19.091867+00:00,L,11,,,,,,
249,,Áreas comunes,Físico,Moderado,2024-02-04 06:16:21.191092+00:00,,,,,,Área Verde,,
250,,Baños,Electrodomésticos,Moderado,2024-02-02 13:44:49.616878+00:00,,,HOMBRE,A,1,,,
251,,Academico,Ventilación,Serio,2024-02-02 05:49:40.002024+00:00,V1,5,,,,,,
252,,Departamento,Humedad,Menor,2024-02-03 22:30:54.898673+00:00,,,,,,,Biblioteca,
253,,Academico,Eléctrico,Crítico,2024-02-05 01:24:28.466608+00:00,A,9,,,,,,
254,,Academico,Humedad,Crítico,2024-02-01 08:45:22.117041+00:00,S,20,,,,,,
255,,Academico,Ventilación,Moderado,2024-02-01 02:46:32.789498+00:00,Q,0,,,,,,
256,,Áreas comunes,Físico,Moderado,2024-02-02 08:43:33.263690+00:00,,,,,,Comedor,,
257,,Departamento,Físico,Serio,2024-02-05 06:03:06.928438+00:00,,,,,,,Administrativos,Comité de Física
258,,Academico,Físico,Serio,2024-02-04 04:05:20.801938+00:00,F,1,,,,,,
286,,Baños,Humedad,Menor,2024-02-08 20:17:21.124694+00:00,,,HOMBRE,ALFA,1,,,
259,,Áreas comunes,Ventilación,Serio,2024-02-02 17:58:21.595283+00:00,,,,,,Estacionamiento,,
260,,Baños,Físico,Menor,2024-02-05 01:19:26.044834+00:00,,,HOMBRE,E,1,,,
261,,Áreas comunes,Físico,Serio,2024-02-04 06:43:35.958221+00:00,,,,,,Estacionamiento,,
262,,Departamento,Humedad,Serio,2024-02-03 04:44:28.309172+00:00,,,,,,,Biblioteca,
263,,Áreas comunes,Eléctrico,Crítico,2024-02-05 22:29:11.211022+00:00,,,,,,Comedor,,
264,,Departamento,Físico,Moderado,2024-02-05 15:41:34.759269+00:00,,,,,,,Cubiculos,
265,,Baños,Físico,Moderado,2024-02-02 15:43:09.658805+00:00,,,MUJER,S2,1,,,
266,,Departamento,Físico,Crítico,2024-02-03 14:48:33.306582+00:00,,,,,,,Coordinacion,Coordinación de Extensión
267,,Áreas comunes,Ventilación,Moderado,2024-02-04 12:32:33.062412+00:00,,,,,,Estacionamiento,,
268,,Áreas comunes,Electrodomésticos,Menor,2024-02-04 09:24:39.086792+00:00,,,,,,Estacionamiento,,
269,,Departamento,Físico,Menor,2024-02-03 08:39:36.250923+00:00,,,,,,,Biblioteca,
270,,Áreas comunes,Humedad,Menor,2024-02-02 13:21:24.542721+00:00,,,,,,Comedor,,
272,,Baños,Eléctrico,Menor,2024-02-04 05:35:52.471031+00:00,,,MUJER,S2,1,,,
273,,Departamento,Electrodomésticos,Moderado,2024-02-05 08:25:05.800651+00:00,,,,,,,Coordinacion,Coordinación de Control Escolar
274,,Departamento,Electrodomésticos,Menor,2024-02-03 08:38:42.121760+00:00,,,,,,,Cubiculos,
275,,Áreas comunes,Eléctrico,Crítico,2024-02-04 16:51:28.560799+00:00,,,,,,Comedor,,
276,,Departamento,Ventilación,Serio,2024-02-06 08:12:02.678547+00:00,,,,,,,Cubiculos,
277,,Baños,Humedad,Moderado,2024-02-04 05:21:29.672997+00:00,,,MUJER,S2,1,,,
278,,Academico,Físico,Serio,2024-02-05 02:40:12.894260+00:00,N,12,,,,,,
279,,Baños,Físico,Moderado,2024-02-03 19:28:30.511815+00:00,,,HOMBRE,A,1,,,
280,,Baños,Humedad,Serio,2024-02-04 15:18:41.649829+00:00,,,HOMBRE,BETA,1,,,
281,,Áreas comunes,Físico,Moderado,2024-02-07 15:17:59.735522+00:00,,,,,,Estacionamiento,,
282,,Academico,Electrodomésticos,Crítico,2024-02-06 02:54:22.423632+00:00,P,2,,,,,,
283,,Academico,Electrodomésticos,Menor,2024-02-05 00:24:40.843085+00:00,P,2,,,,,,
284,,Academico,Humedad,Moderado,2024-02-05 13:51:21.851536+00:00,G,15,,,,,,
285,,Departamento,Eléctrico,Serio,2024-02-06 14:50:46.915501+00:00,,,,,,,Biblioteca,
287,,Baños,Físico,Moderado,2024-02-08 20:18:30.735176+00:00,,,HOMBRE,BETA,1,,,
288,,Departamento,Eléctrico,Serio,2024-02-04 13:01:04.617203+00:00,,,,,,,Cubiculos,
289,,Academico,Humedad,Moderado,2024-02-08 18:13:31.151432+00:00,D,4,,,,,,
290,,Áreas comunes,Físico,Menor,2024-02-05 05:50:26.941347+00:00,,,,,,Área Verde,,
291,,Áreas comunes,Humedad,Crítico,2024-02-06 14:28:14.845107+00:00,,,,,,Área Verde,,
292,,Departamento,Ventilación,Crítico,2024-02-07 04:03:12.419399+00:00,,,,,,,Biblioteca,
293,,Áreas comunes,Físico,Crítico,2024-02-05 03:50:54.757158+00:00,,,,,,Comedor,,
294,,Academico,Físico,Menor,2024-02-06 14:25:35.881045+00:00,ALFA,15,,,,,,
295,,Áreas comunes,Electrodomésticos,Serio,2024-02-09 15:17:01.928019+00:00,,,,,,Comedor,,
296,,Academico,Eléctrico,Menor,2024-02-06 05:41:03.885960+00:00,O,16,,,,,,
297,,Departamento,Humedad,Moderado,2024-02-09 14:50:11.542512+00:00,,,,,,,Biblioteca,
379,,Baños,Electrodomésticos,Moderado,2024-02-17 10:59:22.992658+00:00,,,HOMBRE,S2,1,,,
298,,Baños,Electrodomésticos,Serio,2024-02-09 12:05:44.210384+00:00,,,MUJER,S2,1,,,
299,,Áreas comunes,Electrodomésticos,Menor,2024-02-10 10:19:05.015200+00:00,,,,,,Estacionamiento,,
300,,Academico,Físico,Crítico,2024-02-10 17:48:56.947464+00:00,V2,5,,,,,,
301,,Baños,Físico,Crítico,2024-02-06 13:20:36.379508+00:00,,,MUJER,BETA,1,,,
302,,Departamento,Electrodomésticos,Crítico,2024-02-08 10:28:59.195845+00:00,,,,,,,Biblioteca,
303,,Departamento,Humedad,Crítico,2024-02-06 12:59:47.150314+00:00,,,,,,,Coordinacion,Coordinación de licenciatura en Ingeniería en Comunicaciones y Electrónica
304,,Áreas comunes,Eléctrico,Crítico,2024-02-09 17:06:33.171719+00:00,,,,,,Área Verde,,
305,,Academico,Electrodomésticos,Crítico,2024-02-09 08:39:34.339234+00:00,U,11,,,,,,
306,,Baños,Eléctrico,Moderado,2024-02-06 18:53:38.299856+00:00,,,HOMBRE,C,1,,,
307,,Academico,Humedad,Moderado,2024-02-07 05:45:45.599215+00:00,C,11,,,,,,
308,,Academico,Electrodomésticos,Crítico,2024-02-09 09:42:48.262437+00:00,U,5,,,,,,
309,,Academico,Eléctrico,Menor,2024-02-06 22:24:53.856187+00:00,I,15,,,,,,
310,,Departamento,Físico,Menor,2024-02-07 21:22:03.011666+00:00,,,,,,,Biblioteca,
311,,Departamento,Electrodomésticos,Crítico,2024-02-10 17:09:14.605312+00:00,,,,,,,Cubiculos,
312,,Academico,Electrodomésticos,Crítico,2024-02-10 19:59:13.491821+00:00,R,2,,,,,,
313,,Áreas comunes,Ventilación,Crítico,2024-02-12 05:08:56.601728+00:00,,,,,,Área Verde,,
314,,Departamento,Electrodomésticos,Moderado,2024-02-08 03:25:22.298546+00:00,,,,,,,Coordinacion,Coordinación de Comisiones del Consejo de Centro
315,,Baños,Físico,Serio,2024-02-10 22:11:00.360525+00:00,,,HOMBRE,E,1,,,
316,,Áreas comunes,Humedad,Serio,2024-02-09 16:28:19.396439+00:00,,,,,,Estacionamiento,,
317,,Áreas comunes,Humedad,Moderado,2024-02-08 15:12:42.772687+00:00,,,,,,Estacionamiento,,
318,,Baños,Electrodomésticos,Serio,2024-02-09 06:18:40.299305+00:00,,,HOMBRE,S2,1,,,
319,,Departamento,Electrodomésticos,Menor,2024-02-12 02:09:01.943890+00:00,,,,,,,Administrativos,División de Electrónica y Computación
320,,Áreas comunes,Electrodomésticos,Crítico,2024-02-12 16:15:53.514879+00:00,,,,,,Estacionamiento,,
321,,Áreas comunes,Humedad,Menor,2024-02-13 03:18:21.295880+00:00,,,,,,Comedor,,
322,,Academico,Humedad,Moderado,2024-02-12 18:31:02.546980+00:00,E,2,,,,,,
323,,Baños,Eléctrico,Moderado,2024-02-13 00:53:26.802597+00:00,,,HOMBRE,ALFA,1,,,
324,,Áreas comunes,Ventilación,Moderado,2024-02-09 00:46:01.575526+00:00,,,,,,Estacionamiento,,
325,,Áreas comunes,Humedad,Moderado,2024-02-10 15:01:55.268808+00:00,,,,,,Área Verde,,
326,,Baños,Físico,Crítico,2024-02-12 10:08:19.204021+00:00,,,MUJER,Y,1,,,
327,,Áreas comunes,Humedad,Moderado,2024-02-13 22:13:09.469092+00:00,,,,,,Comedor,,
328,,Baños,Eléctrico,Menor,2024-02-10 13:31:12.060252+00:00,,,MUJER,V1,2,,,
329,,Academico,Humedad,Crítico,2024-02-13 09:48:50.728309+00:00,K,16,,,,,,
330,,Departamento,Ventilación,Moderado,2024-02-10 02:35:28.412083+00:00,,,,,,,Cubiculos,
331,,Baños,Eléctrico,Moderado,2024-02-11 06:25:15.286621+00:00,,,HOMBRE,C,1,,,
332,,Áreas comunes,Eléctrico,Crítico,2024-02-12 18:39:12.368111+00:00,,,,,,Comedor,,
333,,Academico,Eléctrico,Moderado,2024-02-13 13:53:17.835773+00:00,S,7,,,,,,
334,,Academico,Humedad,Serio,2024-02-11 11:50:24.279204+00:00,Y,5,,,,,,
335,,Áreas comunes,Eléctrico,Menor,2024-02-13 22:22:04.573885+00:00,,,,,,Comedor,,
336,,Baños,Eléctrico,Crítico,2024-02-14 19:46:33.394631+00:00,,,MUJER,V2,1,,,
337,,Áreas comunes,Eléctrico,Crítico,2024-02-13 08:19:07.417991+00:00,,,,,,Área Verde,,
338,,Baños,Físico,Crítico,2024-02-10 18:48:32.914051+00:00,,,MUJER,C,1,,,
339,,Academico,Ventilación,Crítico,2024-02-10 16:31:37.520374+00:00,A,12,,,,,,
477,,Áreas comunes,Eléctrico,Crítico,2024-02-29 06:59:09.404974+00:00,,,,,,Área Verde,,
340,,Departamento,Físico,Serio,2024-02-11 10:35:18.297102+00:00,,,,,,,Coordinacion,Coordinación de Servicios Generales
341,,Departamento,Electrodomésticos,Menor,2024-02-14 20:48:44.995505+00:00,,,,,,,Coordinacion,Coordinación de licenciatura en Ingeniería en Computación
342,,Baños,Físico,Moderado,2024-02-10 21:28:20.598144+00:00,,,MUJER,T,1,,,
343,,Baños,Ventilación,Crítico,2024-02-12 06:24:25.421790+00:00,,,HOMBRE,S2,1,,,
344,,Áreas comunes,Humedad,Menor,2024-02-14 22:54:55.083434+00:00,,,,,,Comedor,,
345,,Departamento,Electrodomésticos,Crítico,2024-02-14 17:10:34.895043+00:00,,,,,,,Biblioteca,
346,,Áreas comunes,Eléctrico,Moderado,2024-02-15 12:16:18.243414+00:00,,,,,,Estacionamiento,,
347,,Áreas comunes,Eléctrico,Serio,2024-02-14 08:21:47.924762+00:00,,,,,,Área Verde,,
348,,Departamento,Eléctrico,Crítico,2024-02-12 17:28:52.977960+00:00,,,,,,,Cubiculos,
349,,Academico,Electrodomésticos,Moderado,2024-02-14 18:14:35.650123+00:00,E,1,,,,,,
350,,Baños,Electrodomésticos,Menor,2024-02-12 15:57:49.795782+00:00,,,MUJER,V1,2,,,
351,,Áreas comunes,Ventilación,Serio,2024-02-16 15:57:09.098864+00:00,,,,,,Estacionamiento,,
352,,Baños,Humedad,Crítico,2024-02-16 04:15:54.920206+00:00,,,MUJER,BETA,1,,,
353,,Departamento,Físico,Menor,2024-02-12 18:23:35.658702+00:00,,,,,,,Biblioteca,
354,,Departamento,Electrodomésticos,Crítico,2024-02-14 15:56:11.755940+00:00,,,,,,,Administrativos,Comité de Informática
355,,Baños,Humedad,Crítico,2024-02-14 03:24:51.710987+00:00,,,HOMBRE,S2,1,,,
356,,Departamento,Físico,Crítico,2024-02-14 10:55:46.162242+00:00,,,,,,,Administrativos,Oficinas de investigadores
357,,Baños,Físico,Serio,2024-02-16 20:54:35.747925+00:00,,,MUJER,ALFA,1,,,
358,,Baños,Ventilación,Serio,2024-02-14 18:23:21.641522+00:00,,,MUJER,Y,1,,,
359,,Áreas comunes,Físico,Serio,2024-02-15 19:48:32.684075+00:00,,,,,,Área Verde,,
360,,Academico,Humedad,Menor,2024-02-15 15:22:09.549009+00:00,M,13,,,,,,
361,,Baños,Ventilación,Moderado,2024-02-14 07:31:24.576749+00:00,,,MUJER,T,1,,,
362,,Áreas comunes,Electrodomésticos,Moderado,2024-02-15 11:02:16.801129+00:00,,,,,,Estacionamiento,,
363,,Áreas comunes,Ventilación,Serio,2024-02-13 12:56:08.366480+00:00,,,,,,Comedor,,
364,,Baños,Ventilación,Crítico,2024-02-17 05:47:30.266876+00:00,,,MUJER,I,1,,,
365,,Baños,Ventilación,Crítico,2024-02-14 21:40:41.773349+00:00,,,MUJER,T,1,,,
420,,Baños,Eléctrico,Moderado,2024-02-24 11:36:28.087278+00:00,,,MUJER,S2,1,,,
366,,Departamento,Ventilación,Serio,2024-02-16 20:43:34.603087+00:00,,,,,,,Cubiculos,
367,,Departamento,Eléctrico,Serio,2024-02-18 19:59:20.693769+00:00,,,,,,,Administrativos,Maestría en Ciencias en Ingeniería Electrónica y Computación
368,,Baños,Eléctrico,Serio,2024-02-18 12:28:45.489764+00:00,,,HOMBRE,X,1,,,
369,,Departamento,Ventilación,Menor,2024-02-16 10:25:59.586781+00:00,,,,,,,Biblioteca,
370,,Baños,Físico,Menor,2024-02-15 02:30:08.832690+00:00,,,MUJER,C,1,,,
371,,Baños,Eléctrico,Crítico,2024-02-16 09:20:14.206058+00:00,,,HOMBRE,E,1,,,
372,,Áreas comunes,Electrodomésticos,Menor,2024-02-18 00:16:56.413981+00:00,,,,,,Área Verde,,
373,,Academico,Ventilación,Menor,2024-02-17 13:25:14.444046+00:00,G,10,,,,,,
374,,Departamento,Eléctrico,Menor,2024-02-16 19:53:21.965725+00:00,,,,,,,Coordinacion,Coordinación de licenciatura en Ingeniería Topográfica
375,,Academico,Físico,Menor,2024-02-16 05:18:00.926797+00:00,Z,19,,,,,,
376,,Academico,Electrodomésticos,Crítico,2024-02-16 10:57:55.934613+00:00,Z,12,,,,,,
377,,Academico,Ventilación,Menor,2024-02-15 05:28:13.216759+00:00,A,9,,,,,,
378,,Áreas comunes,Eléctrico,Crítico,2024-02-15 18:30:24.100827+00:00,,,,,,Comedor,,
380,,Academico,Eléctrico,Moderado,2024-02-16 16:20:13.899418+00:00,G,15,,,,,,
381,,Departamento,Humedad,Menor,2024-02-16 14:01:06.668084+00:00,,,,,,,Biblioteca,
382,,Academico,Ventilación,Serio,2024-02-15 17:58:17.776156+00:00,O,8,,,,,,
383,,Áreas comunes,Electrodomésticos,Moderado,2024-02-20 08:54:39.236386+00:00,,,,,,Estacionamiento,,
384,,Departamento,Eléctrico,Crítico,2024-02-16 18:23:53.282880+00:00,,,,,,,Coordinacion,Computación
385,,Áreas comunes,Ventilación,Crítico,2024-02-18 03:38:57.327514+00:00,,,,,,Área Verde,,
386,,Departamento,Ventilación,Moderado,2024-02-18 10:21:07.600541+00:00,,,,,,,Coordinacion,Coordinación de licenciatura en Ingeniería en Computación
387,,Academico,Humedad,Moderado,2024-02-21 04:07:21.554866+00:00,D,4,,,,,,
388,,Áreas comunes,Humedad,Menor,2024-02-18 15:39:12.997582+00:00,,,,,,Área Verde,,
389,,Baños,Humedad,Crítico,2024-02-19 16:25:54.983121+00:00,,,MUJER,Y,1,,,
390,,Baños,Ventilación,Crítico,2024-02-19 18:38:11.006835+00:00,,,MUJER,I,1,,,
391,,Departamento,Electrodomésticos,Menor,2024-02-20 16:19:17.505123+00:00,,,,,,,Administrativos,RADIO CUCEI
392,,Departamento,Eléctrico,Moderado,2024-02-17 02:07:04.639782+00:00,,,,,,,Cubiculos,
421,,Departamento,Físico,Crítico,2024-02-21 13:01:36.252208+00:00,,,,,,,Cubiculos,
393,,Baños,Físico,Serio,2024-02-20 19:38:19.514046+00:00,,,MUJER,S2,1,,,
394,,Áreas comunes,Ventilación,Crítico,2024-02-21 02:43:59.096943+00:00,,,,,,Comedor,,
395,,Academico,Humedad,Serio,2024-02-22 03:53:25.926244+00:00,S2,4,,,,,,
396,,Áreas comunes,Ventilación,Moderado,2024-02-18 09:11:48.938219+00:00,,,,,,Comedor,,
397,,Academico,Electrodomésticos,Moderado,2024-02-19 13:02:51.454868+00:00,S2,3,,,,,,
398,,Academico,Físico,Moderado,2024-02-18 09:51:40.762545+00:00,G,7,,,,,,
399,,Academico,Ventilación,Serio,2024-02-20 00:01:23.923691+00:00,N,7,,,,,,
400,,Academico,Físico,Crítico,2024-02-21 14:09:58.835996+00:00,J,3,,,,,,
401,,Departamento,Físico,Serio,2024-02-22 07:29:33.596666+00:00,,,,,,,Administrativos,UNIDAD DE VINCULACIÓN
402,,Academico,Físico,Moderado,2024-02-21 22:45:21.881746+00:00,D,12,,,,,,
403,,Departamento,Humedad,Menor,2024-02-20 08:52:35.312510+00:00,,,,,,,Biblioteca,
404,,Áreas comunes,Ventilación,Crítico,2024-02-22 18:29:02.397340+00:00,,,,,,Área Verde,,
405,,Áreas comunes,Físico,Crítico,2024-02-21 16:57:39.449936+00:00,,,,,,Estacionamiento,,
406,,Baños,Humedad,Crítico,2024-02-21 10:54:34.087238+00:00,,,HOMBRE,A,1,,,
407,,Academico,Ventilación,Moderado,2024-02-22 06:29:44.448095+00:00,W,18,,,,,,
408,,Áreas comunes,Eléctrico,Crítico,2024-02-22 12:38:59.960586+00:00,,,,,,Estacionamiento,,
409,,Áreas comunes,Eléctrico,Serio,2024-02-23 05:18:39.626869+00:00,,,,,,Comedor,,
410,,Áreas comunes,Electrodomésticos,Serio,2024-02-21 20:19:46.040988+00:00,,,,,,Estacionamiento,,
411,,Departamento,Eléctrico,Crítico,2024-02-21 09:57:41.559742+00:00,,,,,,,Cubiculos,
412,,Áreas comunes,Electrodomésticos,Moderado,2024-02-21 22:00:35.511503+00:00,,,,,,Área Verde,,
413,,Áreas comunes,Humedad,Crítico,2024-02-19 10:14:27.442553+00:00,,,,,,Estacionamiento,,
414,,Áreas comunes,Ventilación,Menor,2024-02-24 12:20:55.264498+00:00,,,,,,Comedor,,
415,,Departamento,Electrodomésticos,Moderado,2024-02-20 16:06:29.339873+00:00,,,,,,,Administrativos,Oficinas del servicio social
416,,Baños,Físico,Moderado,2024-02-21 17:43:53.030613+00:00,,,MUJER,Y,1,,,
417,,Academico,Humedad,Serio,2024-02-22 11:39:41.813737+00:00,ALFA,10,,,,,,
418,,Áreas comunes,Humedad,Serio,2024-02-22 05:26:35.972974+00:00,,,,,,Comedor,,
419,,Baños,Ventilación,Crítico,2024-02-20 18:37:12.741494+00:00,,,MUJER,C,1,,,
422,,Áreas comunes,Humedad,Crítico,2024-02-24 12:33:30.938418+00:00,,,,,,Estacionamiento,,
423,,Departamento,Humedad,Menor,2024-02-21 09:50:22.234335+00:00,,,,,,,Coordinacion,Coordinación de licenciatura en Ingeniería Industrial
424,,Departamento,Físico,Moderado,2024-02-23 10:31:24.232332+00:00,,,,,,,Cubiculos,
425,,Baños,Eléctrico,Crítico,2024-02-23 21:21:36.721240+00:00,,,MUJER,ALFA,1,,,
426,,Áreas comunes,Ventilación,Serio,2024-02-25 02:25:00.709218+00:00,,,,,,Estacionamiento,,
427,,Áreas comunes,Eléctrico,Menor,2024-02-24 22:10:01.032776+00:00,,,,,,Estacionamiento,,
428,,Departamento,Físico,Crítico,2024-02-23 19:53:23.572672+00:00,,,,,,,Biblioteca,
429,,Áreas comunes,Eléctrico,Serio,2024-02-21 14:54:02.450848+00:00,,,,,,Área Verde,,
430,,Departamento,Electrodomésticos,Crítico,2024-02-23 20:32:39.108885+00:00,,,,,,,Cubiculos,
431,,Baños,Ventilación,Menor,2024-02-22 15:37:22.946249+00:00,,,MUJER,V1,2,,,
432,,Departamento,Físico,Moderado,2024-02-22 09:21:06.728079+00:00,,,,,,,Coordinacion,Coordinacion de la maestría en Sistemas de Calidad
433,,Departamento,Físico,Menor,2024-02-25 08:22:17.573128+00:00,,,,,,,Cubiculos,
434,,Áreas comunes,Ventilación,Serio,2024-02-25 21:49:01.930468+00:00,,,,,,Comedor,,
435,,Departamento,Humedad,Serio,2024-02-22 16:06:06.677476+00:00,,,,,,,Cubiculos,
436,,Departamento,Electrodomésticos,Menor,2024-02-24 12:05:58.216064+00:00,,,,,,,Administrativos,Unidad de Presupuesto
437,,Áreas comunes,Físico,Moderado,2024-02-22 21:20:11.281313+00:00,,,,,,Estacionamiento,,
438,,Academico,Eléctrico,Serio,2024-02-26 23:09:18.704816+00:00,N,22,,,,,,
439,,Academico,Humedad,Serio,2024-02-23 08:30:56.634629+00:00,V2,12,,,,,,
440,,Academico,Humedad,Menor,2024-02-23 18:34:02.561494+00:00,V1,6,,,,,,
441,,Baños,Ventilación,Crítico,2024-02-24 21:29:01.915438+00:00,,,MUJER,T,1,,,
442,,Departamento,Eléctrico,Crítico,2024-02-23 15:33:51.686817+00:00,,,,,,,Biblioteca,
443,,Departamento,Humedad,Crítico,2024-02-25 14:56:12.039188+00:00,,,,,,,Cubiculos,
444,,Áreas comunes,Humedad,Moderado,2024-02-25 01:44:27.075437+00:00,,,,,,Estacionamiento,,
445,,Baños,Electrodomésticos,Crítico,2024-02-27 18:39:22.112230+00:00,,,MUJER,A,1,,,
446,,Academico,Ventilación,Serio,2024-02-25 17:09:50.217751+00:00,I,4,,,,,,
447,,Áreas comunes,Ventilación,Crítico,2024-02-25 18:08:03.378304+00:00,,,,,,Área Verde,,
448,,Departamento,Ventilación,Serio,2024-02-25 19:57:34.763312+00:00,,,,,,,Administrativos,Oficinas del servicio social
449,,Academico,Humedad,Serio,2024-02-24 20:16:05.311867+00:00,V1,1,,,,,,
450,,Departamento,Eléctrico,Crítico,2024-02-28 09:23:56.111497+00:00,,,,,,,Coordinacion,Coordinación de licenciatura en Ingeniería en Comunicaciones y Electrónica
451,,Baños,Ventilación,Moderado,2024-02-25 03:06:58.562507+00:00,,,HOMBRE,BETA,1,,,
452,,Áreas comunes,Humedad,Crítico,2024-02-28 09:35:28.993920+00:00,,,,,,Área Verde,,
453,,Áreas comunes,Humedad,Serio,2024-02-25 04:12:45.944909+00:00,,,,,,Estacionamiento,,
454,,Academico,Físico,Serio,2024-02-27 12:33:09.862762+00:00,W,2,,,,,,
455,,Áreas comunes,Eléctrico,Moderado,2024-02-28 22:19:40.581657+00:00,,,,,,Área Verde,,
456,,Academico,Electrodomésticos,Crítico,2024-02-26 04:47:55.670403+00:00,E,4,,,,,,
457,,Departamento,Electrodomésticos,Moderado,2024-02-26 08:24:23.982171+00:00,,,,,,,Cubiculos,
458,,Academico,Ventilación,Menor,2024-02-29 12:16:07.769280+00:00,ALFA,11,,,,,,
459,,Áreas comunes,Electrodomésticos,Serio,2024-02-25 17:59:03.703183+00:00,,,,,,Área Verde,,
460,,Academico,Ventilación,Crítico,2024-02-29 04:27:34.979101+00:00,W,19,,,,,,
461,,Áreas comunes,Humedad,Crítico,2024-02-28 15:54:09.969595+00:00,,,,,,Comedor,,
462,,Departamento,Eléctrico,Moderado,2024-02-26 23:34:46.560167+00:00,,,,,,,Cubiculos,
463,,Academico,Ventilación,Moderado,2024-02-28 20:37:50.378864+00:00,W,17,,,,,,
464,,Academico,Eléctrico,Menor,2024-03-01 10:42:01.415343+00:00,W,15,,,,,,
465,,Baños,Eléctrico,Moderado,2024-02-29 00:27:56.320180+00:00,,,HOMBRE,ALFA,1,,,
466,,Departamento,Humedad,Menor,2024-02-27 20:22:14.804556+00:00,,,,,,,Coordinacion,Coordinación de Extensión
467,,Academico,Físico,Menor,2024-02-27 16:15:16.910751+00:00,X,1,,,,,,
468,,Baños,Humedad,Crítico,2024-02-27 22:19:31.321753+00:00,,,MUJER,I,1,,,
469,,Academico,Electrodomésticos,Menor,2024-02-29 04:31:17.087696+00:00,U,1,,,,,,
470,,Áreas comunes,Electrodomésticos,Crítico,2024-02-29 21:00:44.534909+00:00,,,,,,Área Verde,,
471,,Baños,Eléctrico,Serio,2024-02-28 00:02:33.136374+00:00,,,MUJER,V1,2,,,
472,,Departamento,Ventilación,Menor,2024-02-27 09:29:50.088583+00:00,,,,,,,Coordinacion,Coordinacion de la maestría en Sistemas de Calidad
473,,Baños,Físico,Crítico,2024-02-26 15:37:35.155901+00:00,,,MUJER,C,1,,,
474,,Áreas comunes,Físico,Crítico,2024-02-27 01:48:48.643906+00:00,,,,,,Área Verde,,
475,,Áreas comunes,Físico,Moderado,2024-03-02 09:57:21.809792+00:00,,,,,,Área Verde,,
478,,Baños,Humedad,Serio,2024-02-29 09:43:33.277953+00:00,,,MUJER,BETA,1,,,
479,,Departamento,Humedad,Crítico,2024-03-03 04:29:28.508536+00:00,,,,,,,Administrativos,Maestría en Ciencias en Ingeniería Electrónica y Computación
480,,Academico,Ventilación,Serio,2024-03-02 23:14:14.737376+00:00,P,2,,,,,,
481,,Áreas comunes,Electrodomésticos,Serio,2024-02-27 16:25:42.080053+00:00,,,,,,Comedor,,
482,,Áreas comunes,Eléctrico,Serio,2024-03-01 23:36:10.081623+00:00,,,,,,Área Verde,,
483,,Baños,Eléctrico,Crítico,2024-03-02 19:38:41.254815+00:00,,,HOMBRE,S2,1,,,
484,,Departamento,Ventilación,Crítico,2024-03-03 07:45:10.615913+00:00,,,,,,,Coordinacion,Coordinación de la licenciatura en Física
485,,Áreas comunes,Humedad,Serio,2024-03-03 07:23:41.288779+00:00,,,,,,Comedor,,
486,,Academico,Humedad,Menor,2024-03-02 07:57:54.074247+00:00,M,15,,,,,,
487,,Baños,Ventilación,Moderado,2024-03-01 01:20:34.585847+00:00,,,MUJER,V2,1,,,
488,,Baños,Humedad,Menor,2024-03-01 06:19:30.733704+00:00,,,MUJER,Y,1,,,
489,,Departamento,Físico,Crítico,2024-03-04 01:38:07.772139+00:00,,,,,,,Cubiculos,
490,,Academico,Ventilación,Moderado,2024-03-03 08:47:51.559206+00:00,L,12,,,,,,
491,,Academico,Electrodomésticos,Crítico,2024-03-04 06:31:11.271045+00:00,P,2,,,,,,
492,,Academico,Humedad,Menor,2024-03-02 11:27:27.000717+00:00,E,1,,,,,,
493,,Baños,Electrodomésticos,Moderado,2024-02-29 18:58:32.807228+00:00,,,MUJER,Y,1,,,
494,,Academico,Humedad,Crítico,2024-03-02 08:16:39.124363+00:00,E,2,,,,,,
495,,Departamento,Eléctrico,Menor,2024-03-04 19:57:49.768254+00:00,,,,,,,Coordinacion,Coordinación de la licenciatura en Física
496,,Departamento,Ventilación,Menor,2024-03-01 12:20:21.503408+00:00,,,,,,,Coordinacion,Coordinación de Servicios Generales
497,,Academico,Físico,Crítico,2024-02-29 20:14:48.499366+00:00,Q,0,,,,,,
498,,Áreas comunes,Humedad,Menor,2024-03-01 23:40:13.307204+00:00,,,,,,Área Verde,,
499,,Academico,Humedad,Menor,2024-03-03 22:54:01.054336+00:00,M,25,,,,,,
500,,Departamento,Humedad,Menor,2024-03-03 07:43:51.176317+00:00,,,,,,,Biblioteca,
501,,Áreas comunes,Humedad,Crítico,2024-03-01 18:07:08.412243+00:00,,,,,,Comedor,,
